Date,Day,Time (IST),Image,LinkedIn / Facebook caption,Instagram caption
2026-10-05,Mon,10:30,images/2026-10-05-day01.jpg,"Meet GetL1.

Most purchase teams still get prices the slow way: call five suppliers, wait for rates on WhatsApp, go back and forth for days, and hope it's the best deal.

GetL1 turns that into a short, fair, live reverse auction. You invite the suppliers you already trust. They see only their own rank, and the price comes down. You buy at L1, and the purchase order goes out on its own.

GetL1 is now live for manufacturers and SMEs across India. Start with a 14-day free trial, no card needed.

Book a 20-minute demo: https://getl1.com/contact?utm_source=linkedin&utm_campaign=launch_oct26

#Procurement #ReverseAuction #MSME #Manufacturing #PurchaseManager #IndianSME #SupplyChain","Meet GetL1.

Most purchase teams still get prices the slow way: call five suppliers, wait for rates on WhatsApp, go back and forth for days, and hope it's the best deal.

GetL1 turns that into a short, fair, live reverse auction. You invite the suppliers you already trust. They see only their own rank, and the price comes down. You buy at L1, and the purchase order goes out on its own.

GetL1 is now live for manufacturers and SMEs across India. Start with a 14-day free trial, no card needed.

Book a demo: link in bio.

#Procurement #ReverseAuction #MSME #Manufacturing #PurchaseManager #IndianSME #SupplyChain #B2B #SmallBusinessIndia #Factory"
2026-10-06,Tue,10:30,images/2026-10-06-day02.jpg,"Every purchase manager knows this loop.

You need a price for a regular item. You call the usual suppliers, chase rates on WhatsApp, compare in your head or in Excel, negotiate one by one, and three days later you place the order, never quite sure if a better price was possible.

The problem isn't your negotiation skill. It's that suppliers never see each other competing.

That's what a reverse auction changes.

Book a 20-minute demo: https://getl1.com/contact?utm_source=linkedin&utm_campaign=launch_oct26

#Procurement #ReverseAuction #MSME #Manufacturing #PurchaseManager #IndianSME #SupplyChain","Every purchase manager knows this loop.

You need a price for a regular item. You call the usual suppliers, chase rates on WhatsApp, compare in your head or in Excel, negotiate one by one, and three days later you place the order, never quite sure if a better price was possible.

The problem isn't your negotiation skill. It's that suppliers never see each other competing.

That's what a reverse auction changes.

Book a demo: link in bio.

#Procurement #ReverseAuction #MSME #Manufacturing #PurchaseManager #IndianSME #SupplyChain #B2B #SmallBusinessIndia #Factory"
2026-10-07,Wed,10:30,images/2026-10-07-day03.jpg,"A reverse auction is the opposite of a normal auction.

In a normal auction, buyers push the price up. In a reverse auction, sellers push the price down to win your order.

It runs for a fixed time, usually 15 to 60 minutes. Each supplier sees only where they stand (L1, L2, L3…), never the others' names. Anyone can lower their bid until the clock ends.

Large companies have bought this way for years. GetL1 makes it simple enough for any factory.

Book a 20-minute demo: https://getl1.com/contact?utm_source=linkedin&utm_campaign=launch_oct26

#Procurement #ReverseAuction #MSME #Manufacturing #PurchaseManager #IndianSME #SupplyChain","A reverse auction is the opposite of a normal auction.

In a normal auction, buyers push the price up. In a reverse auction, sellers push the price down to win your order.

It runs for a fixed time, usually 15 to 60 minutes. Each supplier sees only where they stand (L1, L2, L3…), never the others' names. Anyone can lower their bid until the clock ends.

Large companies have bought this way for years. GetL1 makes it simple enough for any factory.

Book a demo: link in bio.

#Procurement #ReverseAuction #MSME #Manufacturing #PurchaseManager #IndianSME #SupplyChain #B2B #SmallBusinessIndia #Factory"
2026-10-08,Thu,10:30,images/2026-10-08-day04.jpg,"How GetL1 works:

1. Post your requirement: items, quantities, delivery and payment terms. Or upload your Excel indent.
2. Invite your suppliers by email and WhatsApp link. Quotes stay sealed until your deadline.
3. Run a live auction. The best sealed quotes become the starting point and suppliers bid down.
4. Award, approve and the GST-ready purchase order goes to the supplier automatically.

One place, one record, every time.

Book a 20-minute demo: https://getl1.com/contact?utm_source=linkedin&utm_campaign=launch_oct26

#Procurement #ReverseAuction #MSME #Manufacturing #PurchaseManager #IndianSME #SupplyChain","How GetL1 works:

1. Post your requirement: items, quantities, delivery and payment terms. Or upload your Excel indent.
2. Invite your suppliers by email and WhatsApp link. Quotes stay sealed until your deadline.
3. Run a live auction. The best sealed quotes become the starting point and suppliers bid down.
4. Award, approve and the GST-ready purchase order goes to the supplier automatically.

One place, one record, every time.

Book a demo: link in bio.

#Procurement #ReverseAuction #MSME #Manufacturing #PurchaseManager #IndianSME #SupplyChain #B2B #SmallBusinessIndia #Factory"
2026-10-09,Fri,10:30,images/2026-10-09-day05.jpg,"In a GetL1 auction, each supplier sees only their own position: ""You are L2"". Never the other companies' names.

That's what keeps it fair and keeps prices honest. Nobody can target a competitor; everyone simply decides how low they're willing to go for your order.

You, as the buyer, see the full live picture: every bid, every supplier, the saving against the sealed quotes, minute by minute.

(Screen shown is an example.)

Book a 20-minute demo: https://getl1.com/contact?utm_source=linkedin&utm_campaign=launch_oct26

#Procurement #ReverseAuction #MSME #Manufacturing #PurchaseManager #IndianSME #SupplyChain","In a GetL1 auction, each supplier sees only their own position: ""You are L2"". Never the other companies' names.

That's what keeps it fair and keeps prices honest. Nobody can target a competitor; everyone simply decides how low they're willing to go for your order.

You, as the buyer, see the full live picture: every bid, every supplier, the saving against the sealed quotes, minute by minute.

(Screen shown is an example.)

Book a demo: link in bio.

#Procurement #ReverseAuction #MSME #Manufacturing #PurchaseManager #IndianSME #SupplyChain #B2B #SmallBusinessIndia #Factory"
2026-10-10,Sat,10:30,images/2026-10-10-day06.jpg,"A small price drop on a regular order adds up faster than most people think.

If you buy ₹10 lakh of material a month and live auctions bring prices down by just 5%, that's ₹50,000 a month, or ₹6 lakh a year.

The cost of a GetL1 plan is a small fraction of that.

The best part: suppliers still choose their own price. You're simply letting the market work.

Book a 20-minute demo: https://getl1.com/contact?utm_source=linkedin&utm_campaign=launch_oct26

#Procurement #ReverseAuction #MSME #Manufacturing #PurchaseManager #IndianSME #SupplyChain","A small price drop on a regular order adds up faster than most people think.

If you buy ₹10 lakh of material a month and live auctions bring prices down by just 5%, that's ₹50,000 a month, or ₹6 lakh a year.

The cost of a GetL1 plan is a small fraction of that.

The best part: suppliers still choose their own price. You're simply letting the market work.

Book a demo: link in bio.

#Procurement #ReverseAuction #MSME #Manufacturing #PurchaseManager #IndianSME #SupplyChain #B2B #SmallBusinessIndia #Factory"
2026-10-11,Sun,10:30,images/2026-10-11-day07.jpg,"If you supply to manufacturers, GetL1 costs you nothing. Not now, not later.

Buyers invite you to their requirements. You get the RFQ by email and a WhatsApp link, quote from your phone, and if the buyer runs an auction, you see your rank live and decide your price.

Win, and the purchase order arrives online with GST details. Accept it in one click.

No app to install. No commission. No fee.

Book a 20-minute demo: https://getl1.com/contact?utm_source=linkedin&utm_campaign=launch_oct26

#Suppliers #MSME #B2B #Manufacturing #IndianSME #SalesGrowth","If you supply to manufacturers, GetL1 costs you nothing. Not now, not later.

Buyers invite you to their requirements. You get the RFQ by email and a WhatsApp link, quote from your phone, and if the buyer runs an auction, you see your rank live and decide your price.

Win, and the purchase order arrives online with GST details. Accept it in one click.

No app to install. No commission. No fee.

Book a demo: link in bio.

#Suppliers #MSME #B2B #Manufacturing #IndianSME #SalesGrowth #B2B #SmallBusinessIndia #Factory"
2026-10-12,Mon,10:30,images/2026-10-12-day08.jpg,"Half of all back-and-forth with suppliers comes from an unclear requirement.

Before you ask for quotes, make sure your RFQ has:
1. Item name and full specification (size, grade, brand if fixed)
2. Quantity and unit
3. Delivery date and place
4. Payment terms
5. Freight: included in price, or quoted separately
6. Quality, testing or certificate needs
7. A clear deadline for quotes

Clear RFQ, comparable quotes. Save this for your team.

Book a 20-minute demo: https://getl1.com/contact?utm_source=linkedin&utm_campaign=launch_oct26

#Procurement #ReverseAuction #MSME #Manufacturing #PurchaseManager #IndianSME #SupplyChain","Half of all back-and-forth with suppliers comes from an unclear requirement.

Before you ask for quotes, make sure your RFQ has:
1. Item name and full specification (size, grade, brand if fixed)
2. Quantity and unit
3. Delivery date and place
4. Payment terms
5. Freight: included in price, or quoted separately
6. Quality, testing or certificate needs
7. A clear deadline for quotes

Clear RFQ, comparable quotes. Save this for your team.

Book a demo: link in bio.

#Procurement #ReverseAuction #MSME #Manufacturing #PurchaseManager #IndianSME #SupplyChain #B2B #SmallBusinessIndia #Factory"
2026-10-13,Tue,10:30,images/2026-10-13-day09.jpg,"A common worry about reverse auctions is that they're unfair to suppliers.

In practice:
• Every supplier decides their own price. Nobody is forced to go below cost.
• Names and prices of other bidders are never shown.
• Late bids extend the clock, so nobody is sniped in the last second.
• The buyer can award to L2 or L3 for better delivery or quality, and records the reason.

A fair process is good for both sides. It's how long-term supplier relationships get built.

Book a 20-minute demo: https://getl1.com/contact?utm_source=linkedin&utm_campaign=launch_oct26

#Procurement #ReverseAuction #MSME #Manufacturing #PurchaseManager #IndianSME #SupplyChain","A common worry about reverse auctions is that they're unfair to suppliers.

In practice:
• Every supplier decides their own price. Nobody is forced to go below cost.
• Names and prices of other bidders are never shown.
• Late bids extend the clock, so nobody is sniped in the last second.
• The buyer can award to L2 or L3 for better delivery or quality, and records the reason.

A fair process is good for both sides. It's how long-term supplier relationships get built.

Book a demo: link in bio.

#Procurement #ReverseAuction #MSME #Manufacturing #PurchaseManager #IndianSME #SupplyChain #B2B #SmallBusinessIndia #Factory"
2026-10-14,Wed,10:30,images/2026-10-14-day10.jpg,"Not every requirement starts in a neat Excel sheet.

Sometimes it's a WhatsApp message from the plant. Sometimes it's a handwritten list on the store-room table, with ""50 kg kil"" and ""1000 nag"" in it.

On GetL1, you upload a photo, paste the message or drop in the Excel or PDF, and AI fills the RFQ form: items, sizes, quantities, units, dates and terms. Anything unclear is highlighted for you to check.

You review it, and you're ready to invite suppliers.

Book a 20-minute demo: https://getl1.com/contact?utm_source=linkedin&utm_campaign=launch_oct26

#Procurement #ReverseAuction #MSME #Manufacturing #PurchaseManager #IndianSME #SupplyChain","Not every requirement starts in a neat Excel sheet.

Sometimes it's a WhatsApp message from the plant. Sometimes it's a handwritten list on the store-room table, with ""50 kg kil"" and ""1000 nag"" in it.

On GetL1, you upload a photo, paste the message or drop in the Excel or PDF, and AI fills the RFQ form: items, sizes, quantities, units, dates and terms. Anything unclear is highlighted for you to check.

You review it, and you're ready to invite suppliers.

Book a demo: link in bio.

#Procurement #ReverseAuction #MSME #Manufacturing #PurchaseManager #IndianSME #SupplyChain #B2B #SmallBusinessIndia #Factory"
2026-10-15,Thu,10:30,images/2026-10-15-day11.jpg,"Fair buying starts with sealed quotes.

On GetL1, supplier quotes stay locked until the deadline you set. Nobody can peek and tell a favourite supplier what number to beat. When the deadline passes, all quotes open together and are ranked automatically.

From there, you can award directly, or invite the best few to a short live auction.

Simple rules. No doubts later.

Book a 20-minute demo: https://getl1.com/contact?utm_source=linkedin&utm_campaign=launch_oct26

#Procurement #ReverseAuction #MSME #Manufacturing #PurchaseManager #IndianSME #SupplyChain","Fair buying starts with sealed quotes.

On GetL1, supplier quotes stay locked until the deadline you set. Nobody can peek and tell a favourite supplier what number to beat. When the deadline passes, all quotes open together and are ranked automatically.

From there, you can award directly, or invite the best few to a short live auction.

Simple rules. No doubts later.

Book a demo: link in bio.

#Procurement #ReverseAuction #MSME #Manufacturing #PurchaseManager #IndianSME #SupplyChain #B2B #SmallBusinessIndia #Factory"
2026-10-16,Fri,10:30,images/2026-10-16-day12.jpg,"""Sniping"", placing a bid in the final seconds so others can't respond, ruins online auctions.

GetL1 prevents it. If a bid comes in near the end, the auction extends by a few minutes so every supplier can answer. The extension is limited, so the auction always ends.

Everyone bids on the same server clock, with minimum bid steps you set.

Fair rules mean suppliers trust the process, and trust brings better prices.

Book a 20-minute demo: https://getl1.com/contact?utm_source=linkedin&utm_campaign=launch_oct26

#Procurement #ReverseAuction #MSME #Manufacturing #PurchaseManager #IndianSME #SupplyChain","""Sniping"", placing a bid in the final seconds so others can't respond, ruins online auctions.

GetL1 prevents it. If a bid comes in near the end, the auction extends by a few minutes so every supplier can answer. The extension is limited, so the auction always ends.

Everyone bids on the same server clock, with minimum bid steps you set.

Fair rules mean suppliers trust the process, and trust brings better prices.

Book a demo: link in bio.

#Procurement #ReverseAuction #MSME #Manufacturing #PurchaseManager #IndianSME #SupplyChain #B2B #SmallBusinessIndia #Factory"
2026-10-17,Sat,10:30,images/2026-10-17-day13.jpg,"Quick question for purchase managers and owners:

How do you compare supplier quotes today?
A. Excel sheet
B. WhatsApp chats and memory
C. ERP or procurement software
D. Experience and gut feel

Tell us in the comments. We're building GetL1 around how Indian factories really buy, and your answer helps.

Book a 20-minute demo: https://getl1.com/contact?utm_source=linkedin&utm_campaign=launch_oct26

#Procurement #ReverseAuction #MSME #Manufacturing #PurchaseManager #IndianSME #SupplyChain","Quick question for purchase managers and owners:

How do you compare supplier quotes today?
A. Excel sheet
B. WhatsApp chats and memory
C. ERP or procurement software
D. Experience and gut feel

Tell us in the comments. We're building GetL1 around how Indian factories really buy, and your answer helps.

Book a demo: link in bio.

#Procurement #ReverseAuction #MSME #Manufacturing #PurchaseManager #IndianSME #SupplyChain #B2B #SmallBusinessIndia #Factory"
2026-10-18,Sun,10:30,images/2026-10-18-day14.jpg,"The lowest quoted price isn't always the lowest cost.

Compare landed cost, not just the rate:
• Base price
• Freight and packing
• GST and whether you get input credit
• Payment terms: 30 days' credit has real value
• Delivery reliability: a late lot can stop a line
• Quality history: rejections cost money and time

On GetL1 you compare all of this side by side, and if you award to someone other than L1, the reason is recorded for your team and auditors.

Book a 20-minute demo: https://getl1.com/contact?utm_source=linkedin&utm_campaign=launch_oct26

#Procurement #ReverseAuction #MSME #Manufacturing #PurchaseManager #IndianSME #SupplyChain","The lowest quoted price isn't always the lowest cost.

Compare landed cost, not just the rate:
• Base price
• Freight and packing
• GST and whether you get input credit
• Payment terms: 30 days' credit has real value
• Delivery reliability: a late lot can stop a line
• Quality history: rejections cost money and time

On GetL1 you compare all of this side by side, and if you award to someone other than L1, the reason is recorded for your team and auditors.

Book a demo: link in bio.

#Procurement #ReverseAuction #MSME #Manufacturing #PurchaseManager #IndianSME #SupplyChain #B2B #SmallBusinessIndia #Factory"
2026-10-19,Mon,10:30,images/2026-10-19-day15.jpg,"After the deal comes the paperwork, and it usually means typing the PO again.

On GetL1, once you award, the purchase order is created automatically:
• CGST and SGST, or IGST, chosen from both GSTINs
• Amount in words, the Indian way (lakh, crore)
• Your standard terms and conditions
• Numbered in sequence for your company

It's emailed to the supplier, who accepts it online. You see when they did.

Book a 20-minute demo: https://getl1.com/contact?utm_source=linkedin&utm_campaign=launch_oct26

#Procurement #ReverseAuction #MSME #Manufacturing #PurchaseManager #IndianSME #SupplyChain","After the deal comes the paperwork, and it usually means typing the PO again.

On GetL1, once you award, the purchase order is created automatically:
• CGST and SGST, or IGST, chosen from both GSTINs
• Amount in words, the Indian way (lakh, crore)
• Your standard terms and conditions
• Numbered in sequence for your company

It's emailed to the supplier, who accepts it online. You see when they did.

Book a demo: link in bio.

#Procurement #ReverseAuction #MSME #Manufacturing #PurchaseManager #IndianSME #SupplyChain #B2B #SmallBusinessIndia #Factory"
2026-10-20,Tue,10:30,images/2026-10-20-day16.jpg,"Every owner, auditor or new manager eventually asks the same question about a past order: why this supplier, and why this price?

On GetL1, the full story is recorded and can't be edited: who was invited, every sealed quote, every bid with time, who approved, and the reason if the order didn't go to L1.

It protects your company, and it protects your purchase team.

Book a 20-minute demo: https://getl1.com/contact?utm_source=linkedin&utm_campaign=launch_oct26

#Procurement #ReverseAuction #MSME #Manufacturing #PurchaseManager #IndianSME #SupplyChain","Every owner, auditor or new manager eventually asks the same question about a past order: why this supplier, and why this price?

On GetL1, the full story is recorded and can't be edited: who was invited, every sealed quote, every bid with time, who approved, and the reason if the order didn't go to L1.

It protects your company, and it protects your purchase team.

Book a demo: link in bio.

#Procurement #ReverseAuction #MSME #Manufacturing #PurchaseManager #IndianSME #SupplyChain #B2B #SmallBusinessIndia #Factory"
2026-10-21,Wed,10:30,images/2026-10-21-day17.jpg,"Purchase approvals shouldn't need a chain of phone calls.

On GetL1 you set an amount. Awards above it go to an approver (the owner, a director or a plant head) who sees the quotes, the bids and the reason, and approves or rejects in one click. Below the limit, the PO goes straight out.

And a simple rule that matters: nobody can approve their own award.

Book a 20-minute demo: https://getl1.com/contact?utm_source=linkedin&utm_campaign=launch_oct26

#Procurement #ReverseAuction #MSME #Manufacturing #PurchaseManager #IndianSME #SupplyChain","Purchase approvals shouldn't need a chain of phone calls.

On GetL1 you set an amount. Awards above it go to an approver (the owner, a director or a plant head) who sees the quotes, the bids and the reason, and approves or rejects in one click. Below the limit, the PO goes straight out.

And a simple rule that matters: nobody can approve their own award.

Book a demo: link in bio.

#Procurement #ReverseAuction #MSME #Manufacturing #PurchaseManager #IndianSME #SupplyChain #B2B #SmallBusinessIndia #Factory"
2026-10-22,Thu,10:30,images/2026-10-22-day18.jpg,"You don't need a dramatic price cut to make a difference.

On ₹25 lakh of monthly purchases, a 2% drop is ₹50,000 a month, ₹6 lakh a year, straight to the bottom line.

Live competition between your own suppliers is often enough to get there.

Book a 20-minute demo: https://getl1.com/contact?utm_source=linkedin&utm_campaign=launch_oct26

#Procurement #ReverseAuction #MSME #Manufacturing #PurchaseManager #IndianSME #SupplyChain","You don't need a dramatic price cut to make a difference.

On ₹25 lakh of monthly purchases, a 2% drop is ₹50,000 a month, ₹6 lakh a year, straight to the bottom line.

Live competition between your own suppliers is often enough to get there.

Book a demo: link in bio.

#Procurement #ReverseAuction #MSME #Manufacturing #PurchaseManager #IndianSME #SupplyChain #B2B #SmallBusinessIndia #Factory"
2026-10-23,Fri,10:30,images/2026-10-23-day19.jpg,"Suppliers: here's how to win more orders through GetL1.

1. Quote every item completely. Incomplete quotes are hard to compare.
2. Know your floor price before the auction starts, and stick to it.
3. Upload your GST certificate and Udyam registration for the verified badge.
4. Accept purchase orders quickly. Buyers notice.
5. Deliver on time. Many buyers award on reliability, not only L1.

GetL1 is free for suppliers, always.

Book a 20-minute demo: https://getl1.com/contact?utm_source=linkedin&utm_campaign=launch_oct26

#Suppliers #MSME #B2B #Manufacturing #IndianSME #SalesGrowth","Suppliers: here's how to win more orders through GetL1.

1. Quote every item completely. Incomplete quotes are hard to compare.
2. Know your floor price before the auction starts, and stick to it.
3. Upload your GST certificate and Udyam registration for the verified badge.
4. Accept purchase orders quickly. Buyers notice.
5. Deliver on time. Many buyers award on reliability, not only L1.

GetL1 is free for suppliers, always.

Book a demo: link in bio.

#Suppliers #MSME #B2B #Manufacturing #IndianSME #SalesGrowth #B2B #SmallBusinessIndia #Factory"
2026-10-24,Sat,10:30,images/2026-10-24-day20.jpg,"The most common doubt we hear: ""My suppliers are not tech people. They won't use it.""

They don't need to be. Suppliers get your requirement on WhatsApp and email with a link. It opens on any phone. They enter their price. That's it.

No app to install. No training. No fee.

Suppliers want orders. Make it easy for them to compete for yours.

Book a 20-minute demo: https://getl1.com/contact?utm_source=linkedin&utm_campaign=launch_oct26

#Procurement #ReverseAuction #MSME #Manufacturing #PurchaseManager #IndianSME #SupplyChain","The most common doubt we hear: ""My suppliers are not tech people. They won't use it.""

They don't need to be. Suppliers get your requirement on WhatsApp and email with a link. It opens on any phone. They enter their price. That's it.

No app to install. No training. No fee.

Suppliers want orders. Make it easy for them to compete for yours.

Book a demo: link in bio.

#Procurement #ReverseAuction #MSME #Manufacturing #PurchaseManager #IndianSME #SupplyChain #B2B #SmallBusinessIndia #Factory"
2026-10-25,Sun,10:30,images/2026-10-25-day21.jpg,"What did your purchase team actually save this year?

GetL1 tracks it automatically, against two numbers:
• the best sealed quote before the auction
• your own last purchase price for the same item

See it by month and by financial year (April to March), and export it for your management review.

Savings you can show, not just claim.

Book a 20-minute demo: https://getl1.com/contact?utm_source=linkedin&utm_campaign=launch_oct26

#Procurement #ReverseAuction #MSME #Manufacturing #PurchaseManager #IndianSME #SupplyChain","What did your purchase team actually save this year?

GetL1 tracks it automatically, against two numbers:
• the best sealed quote before the auction
• your own last purchase price for the same item

See it by month and by financial year (April to March), and export it for your management review.

Savings you can show, not just claim.

Book a demo: link in bio.

#Procurement #ReverseAuction #MSME #Manufacturing #PurchaseManager #IndianSME #SupplyChain #B2B #SmallBusinessIndia #Factory"
2026-10-26,Mon,10:30,images/2026-10-26-day22.jpg,"Thinking of trying a reverse auction? Start with the right item.

Good first candidates:
• Something you buy regularly (packaging, consumables, standard raw material)
• At least 3 suppliers who can supply it
• A clear, fixed specification
• Price is the main difference between suppliers
• An order value that's worth the effort

Run one auction, compare the result with your last price, and decide from there.

Book a 20-minute demo: https://getl1.com/contact?utm_source=linkedin&utm_campaign=launch_oct26

#Procurement #ReverseAuction #MSME #Manufacturing #PurchaseManager #IndianSME #SupplyChain","Thinking of trying a reverse auction? Start with the right item.

Good first candidates:
• Something you buy regularly (packaging, consumables, standard raw material)
• At least 3 suppliers who can supply it
• A clear, fixed specification
• Price is the main difference between suppliers
• An order value that's worth the effort

Run one auction, compare the result with your last price, and decide from there.

Book a demo: link in bio.

#Procurement #ReverseAuction #MSME #Manufacturing #PurchaseManager #IndianSME #SupplyChain #B2B #SmallBusinessIndia #Factory"
2026-10-27,Tue,10:30,images/2026-10-27-day23.jpg,"What takes most of your time in purchase?

A. Getting the best price
B. Late deliveries
C. Paperwork and purchase orders
D. Approvals and follow-ups

Comment your letter. We read every reply.

Book a 20-minute demo: https://getl1.com/contact?utm_source=linkedin&utm_campaign=launch_oct26

#Procurement #ReverseAuction #MSME #Manufacturing #PurchaseManager #IndianSME #SupplyChain","What takes most of your time in purchase?

A. Getting the best price
B. Late deliveries
C. Paperwork and purchase orders
D. Approvals and follow-ups

Comment your letter. We read every reply.

Book a demo: link in bio.

#Procurement #ReverseAuction #MSME #Manufacturing #PurchaseManager #IndianSME #SupplyChain #B2B #SmallBusinessIndia #Factory"
2026-10-28,Wed,10:30,images/2026-10-28-day24.jpg,"GetL1 is built in Panchkula, Haryana, for the way Indian manufacturers and SMEs really buy.

That means GST worked out properly on every purchase order, amounts in lakh and crore, suppliers who live on WhatsApp, requirement lists with ""nag"" and ""kil"" in them, and approvals that match how owner-run companies make decisions.

If you run purchase for a factory, we'd love to hear what would make your work easier.

Book a 20-minute demo: https://getl1.com/contact?utm_source=linkedin&utm_campaign=launch_oct26

#Procurement #ReverseAuction #MSME #Manufacturing #PurchaseManager #IndianSME #SupplyChain","GetL1 is built in Panchkula, Haryana, for the way Indian manufacturers and SMEs really buy.

That means GST worked out properly on every purchase order, amounts in lakh and crore, suppliers who live on WhatsApp, requirement lists with ""nag"" and ""kil"" in them, and approvals that match how owner-run companies make decisions.

If you run purchase for a factory, we'd love to hear what would make your work easier.

Book a demo: link in bio.

#Procurement #ReverseAuction #MSME #Manufacturing #PurchaseManager #IndianSME #SupplyChain #B2B #SmallBusinessIndia #Factory"
2026-10-29,Thu,10:30,images/2026-10-29-day25.jpg,"Who are you really buying from?

Suppliers on GetL1 can upload their GST certificate and Udyam registration. GSTINs are checked automatically, documents are reviewed by our team, and genuine suppliers get a verified badge buyers can see.

For suppliers, it's a simple way to stand out. For buyers, it's one less thing to worry about.

Book a 20-minute demo: https://getl1.com/contact?utm_source=linkedin&utm_campaign=launch_oct26

#Suppliers #MSME #B2B #Manufacturing #IndianSME #SalesGrowth","Who are you really buying from?

Suppliers on GetL1 can upload their GST certificate and Udyam registration. GSTINs are checked automatically, documents are reviewed by our team, and genuine suppliers get a verified badge buyers can see.

For suppliers, it's a simple way to stand out. For buyers, it's one less thing to worry about.

Book a demo: link in bio.

#Suppliers #MSME #B2B #Manufacturing #IndianSME #SalesGrowth #B2B #SmallBusinessIndia #Factory"
2026-10-30,Fri,10:30,images/2026-10-30-day26.jpg,"Large companies have used e-auctions for years. That doesn't mean small and mid-size factories can't.

GetL1 is built for SMEs: a free plan with one live auction a month, paid plans from ₹1,499 a month, and suppliers who join free.

If you buy regularly from more than one supplier, you can benefit.

Book a 20-minute demo: https://getl1.com/contact?utm_source=linkedin&utm_campaign=launch_oct26

#Procurement #ReverseAuction #MSME #Manufacturing #PurchaseManager #IndianSME #SupplyChain","Large companies have used e-auctions for years. That doesn't mean small and mid-size factories can't.

GetL1 is built for SMEs: a free plan with one live auction a month, paid plans from ₹1,499 a month, and suppliers who join free.

If you buy regularly from more than one supplier, you can benefit.

Book a demo: link in bio.

#Procurement #ReverseAuction #MSME #Manufacturing #PurchaseManager #IndianSME #SupplyChain #B2B #SmallBusinessIndia #Factory"
2026-10-31,Sat,10:30,images/2026-10-31-day27.jpg,"What a purchase can look like on GetL1 (an example day):

10:00 Upload the Excel indent. AI fills the RFQ.
10:15 Invite five suppliers by WhatsApp link and email.
15:00 Quote deadline. Sealed quotes open, ranked automatically.
15:30 Best four go into a 30-minute live auction.
16:15 Award approved. PO with GST emailed to the supplier.

Same day. Fully on record.

Book a 20-minute demo: https://getl1.com/contact?utm_source=linkedin&utm_campaign=launch_oct26

#Procurement #ReverseAuction #MSME #Manufacturing #PurchaseManager #IndianSME #SupplyChain","What a purchase can look like on GetL1 (an example day):

10:00 Upload the Excel indent. AI fills the RFQ.
10:15 Invite five suppliers by WhatsApp link and email.
15:00 Quote deadline. Sealed quotes open, ranked automatically.
15:30 Best four go into a 30-minute live auction.
16:15 Award approved. PO with GST emailed to the supplier.

Same day. Fully on record.

Book a demo: link in bio.

#Procurement #ReverseAuction #MSME #Manufacturing #PurchaseManager #IndianSME #SupplyChain #B2B #SmallBusinessIndia #Factory"
2026-11-01,Sun,10:30,images/2026-11-01-day28.jpg,"GetL1 pricing is simple:

• Free: 1 live auction a month
• Starter: ₹1,499/month, 5 auctions
• Growth: ₹3,999/month, 25 auctions plus AI requirement reading
• Business: unlimited auctions, talk to us

Every plan has unlimited RFQs, sealed quotes and suppliers. New buyers get a 14-day Growth trial. Suppliers never pay.

Book a 20-minute demo: https://getl1.com/contact?utm_source=linkedin&utm_campaign=launch_oct26

#Procurement #ReverseAuction #MSME #Manufacturing #PurchaseManager #IndianSME #SupplyChain","GetL1 pricing is simple:

• Free: 1 live auction a month
• Starter: ₹1,499/month, 5 auctions
• Growth: ₹3,999/month, 25 auctions plus AI requirement reading
• Business: unlimited auctions, talk to us

Every plan has unlimited RFQs, sealed quotes and suppliers. New buyers get a 14-day Growth trial. Suppliers never pay.

Book a demo: link in bio.

#Procurement #ReverseAuction #MSME #Manufacturing #PurchaseManager #IndianSME #SupplyChain #B2B #SmallBusinessIndia #Factory"
2026-11-02,Mon,10:30,images/2026-11-02-day29.jpg,"One of the questions we're asked most.

No, suppliers never see each other's company names. During an auction, each supplier sees only their own rank. As the buyer, you choose whether they also see the current lowest price, or only their position.

Before the auction, sealed quotes stay sealed until your deadline. Your last purchase price is never shown to anyone.

Book a 20-minute demo: https://getl1.com/contact?utm_source=linkedin&utm_campaign=launch_oct26

#Procurement #ReverseAuction #MSME #Manufacturing #PurchaseManager #IndianSME #SupplyChain","One of the questions we're asked most.

No, suppliers never see each other's company names. During an auction, each supplier sees only their own rank. As the buyer, you choose whether they also see the current lowest price, or only their position.

Before the auction, sealed quotes stay sealed until your deadline. Your last purchase price is never shown to anyone.

Book a demo: link in bio.

#Procurement #ReverseAuction #MSME #Manufacturing #PurchaseManager #IndianSME #SupplyChain #B2B #SmallBusinessIndia #Factory"
2026-11-03,Tue,10:30,images/2026-11-03-day30.jpg,"Here's our offer to purchase teams.

Bring one real requirement, a regular item you buy from a few suppliers. We'll set up the RFQ with you (even from a photo of your list), help invite your suppliers, and run your first live auction together.

Then compare the result with your last price.

Start a 14-day free trial at getl1.com, or book a 20-minute call and we'll set it up with you.

Book a 20-minute demo: https://getl1.com/contact?utm_source=linkedin&utm_campaign=launch_oct26

#Procurement #ReverseAuction #MSME #Manufacturing #PurchaseManager #IndianSME #SupplyChain","Here's our offer to purchase teams.

Bring one real requirement, a regular item you buy from a few suppliers. We'll set up the RFQ with you (even from a photo of your list), help invite your suppliers, and run your first live auction together.

Then compare the result with your last price.

Start a 14-day free trial at getl1.com, or book a 20-minute call and we'll set it up with you.

Book a demo: link in bio.

#Procurement #ReverseAuction #MSME #Manufacturing #PurchaseManager #IndianSME #SupplyChain #B2B #SmallBusinessIndia #Factory"
